Workbook

Sheet Dashboard
A1: لوحة تحكم مشروع الخدمات التقنية | Technical Services Business Dashboard
A3: المؤشرات الرئيسية
A5: إجمالي الإيرادات | D5: إجمالي المصروفات | G5: الربح قبل التخصيص | J5: صافي الربح
A6: =SUM(Revenues!$G:$G) -> 0 | D6: =SUM(Expenses!$E:$E) -> 450 | G6: =SUM(Revenues!$G:$G)-SUM(Expenses!$E:$E) -> -450 | J6: =MAX(0,G6-(G6*Settings!$B$5)-(G6*Settings!$B$6)) -> 0
A9: الأعمال الخيرية 10% | D9: التغذية المرتدة 15% | G9: رأس المال الحالي | J9: عدد المشاريع
A10: =MAX(0,G6*Settings!$B$5) -> 0 | D10: =MAX(0,G6*Settings!$B$6) -> 0 | G10: =Settings!$B$4+SUMIFS(Capital!$D:$D,Capital!$B:$B,"<>سحب من رأس المال")-SUMIFS(Capital!$D:$D,Capital!$B:$B,"سحب من رأس المال") -> 5000 | J10: =COUNTA(Revenues!$A$4:$A$203) -> 0
A32: ملاحظة
A33: النظام الحالي يحسب الربح على أساس الإيرادات المحصلة ناقص المصروفات المسجلة. يتم تخصيص 10% للأعمال الخيرية و15% للتغذية المرتدة من الربح الموجب. ويمكن لاحقاً إضافة إدارة العملاء، الفواتير، الديون، التدفقات النقدية، الأهداف، ومؤشرات أداء أكثر تفصيلاً.

Sheet Settings
A1: إعدادات المشروع | Project Settings
A3: الإعداد | B3: القيمة
A4: رأس المال الابتدائي | Initial Capital | B4: 5000
A5: نسبة الأعمال الخيرية | Charity % | B5: 0.1
A6: نسبة التغذية المرتدة للتطوير | Reinvestment % | B6: 0.15
A7: العملة | Currency | B7: EGP

Sheet Revenues
A1: الإيرادات والمشاريع البرمجية | Revenues & Software Projects
A3: رقم المشروع | B3: العميل | C3: اسم المشروع | D3: نوع الخدمة | E3: تاريخ البيع | F3: قيمة المشروع | G3: المحصل | H3: المتبقي | I3: حالة المشروع | J3: تاريخ التسليم | K3: ملاحظات | L3: هامش الربح التقديري
H4: =IF(F4="","",F4-G4) | L4: =IF(F4="","",IFERROR((F4-SUMIFS(Expenses!$E:$E,Expenses!$H:$H,A4))/F4,0))
H5: =IF(F5="","",F5-G5) | L5: =IF(F5="","",IFERROR((F5-SUMIFS(Expenses!$E:$E,Expenses!$H:$H,A5))/F5,0))
H6: =IF(F6="","",F6-G6) | L6: =IF(F6="","",IFERROR((F6-SUMIFS(Expenses!$E:$E,Expenses!$H:$H,A6))/F6,0))
H7: =IF(F7="","",F7-G7) | L7: =IF(F7="","",IFERROR((F7-SUMIFS(Expenses!$E:$E,Expenses!$H:$H,A7))/F7,0))
H8: =IF(F8="","",F8-G8) | L8: =IF(F8="","",IFERROR((F8-SUMIFS(Expenses!$E:$E,Expenses!$H:$H,A8))/F8,0))
H9: =IF(F9="","",F9-G9) | L9: =IF(F9="","",IFERROR((F9-SUMIFS(Expenses!$E:$E,Expenses!$H:$H,A9))/F9,0))
H10: =IF(F10="","",F10-G10) | L10: =IF(F10="","",IFERROR((F10-SUMIFS(Expenses!$E:$E,Expenses!$H:$H,A10))/F10,0))
H11: =IF(F11="","",F11-G11) | L11: =IF(F11="","",IFERROR((F11-SUMIFS(Expenses!$E:$E,Expenses!$H:$H,A11))/F11,0))
H12: =IF(F12="","",F12-G12) | L12: =IF(F12="","",IFERROR((F12-SUMIFS(Expenses!$E:$E,Expenses!$H:$H,A12))/F12,0))
H13: =IF(F13="","",F13-G13) | L13: =IF(F13="","",IFERROR((F13-SUMIFS(Expenses!$E:$E,Expenses!$H:$H,A13))/F13,0))
H14: =IF(F14="","",F14-G14) | L14: =IF(F14="","",IFERROR((F14-SUMIFS(Expenses!$E:$E,Expenses!$H:$H,A14))/F14,0))
H15: =IF(F15="","",F15-G15) | L15: =IF(F15="","",IFERROR((F15-SUMIFS(Expenses!$E:$E,Expenses!$H:$H,A15))/F15,0))
... H203: =IF(F203="","",F203-G203) | L203: =IF(F203="","",IFERROR((F203-SUMIFS(Expenses!$E:$E,Expenses!$H:$H,A203))/F203,0))

Sheet Expenses
A1: المصروفات | Expenses
A3: رقم المصروف | B3: التاريخ | C3: الفئة | D3: البند / الاشتراك | E3: القيمة | F3: طريقة الدفع | G3: المورد | H3: المشروع المرتبط | I3: متكرر؟ | J3: ملاحظات
A4: 1 | B4: 46278 | C4: أدوات AI | D4: Gemini pro 18 شهر | E4: 450 | F4: فودافون كاش | G4: Service-Hubs | H4: بدون مشروع مرتبط | I4: لا | J4: تم الاشتراك لمدة 18 شهر بتاريخ انتهاء 13مارس 2028

Sheet Capital
A1: رأس المال وحركة إعادة الاستثمار | Capital
A3: التاريخ | B3: نوع الحركة | C3: الوصف | D3: المبلغ | E3: المصدر/المرجع | F3: المشروع | G3: ملاحظات | H3: الرصيد التراكمي
H4: =IF(D4="","",SUM($D$4:D4))
H5: =IF(D5="","",SUM($D$4:D5))
H6: =IF(D6="","",SUM($D$4:D6))
H7: =IF(D7="","",SUM($D$4:D7))
H8: =IF(D8="","",SUM($D$4:D8))
H9: =IF(D9="","",SUM($D$4:D9))
H10: =IF(D10="","",SUM($D$4:D10))
H11: =IF(D11="","",SUM($D$4:D11))
H12: =IF(D12="","",SUM($D$4:D12))
H13: =IF(D13="","",SUM($D$4:D13))
H14: =IF(D14="","",SUM($D$4:D14))
H15: =IF(D15="","",SUM($D$4:D15))
... H203: =IF(D203="","",SUM($D$4:D203))

Sheet Charity
A1: الأعمال الخيرية | Charity (10% من الأرباح)
A3: التاريخ | B3: الربح المرجعي | C3: النسبة | D3: المبلغ المستحق | E3: المبلغ المدفوع | F3: الجهة | G3: ملاحظات
C4: =IF(B4="","",Settings!$B$5) | D4: =IF(B4="","",MAX(0,B4*C4))
C5: =IF(B5="","",Settings!$B$5) | D5: =IF(B5="","",MAX(0,B5*C5))
C6: =IF(B6="","",Settings!$B$5) | D6: =IF(B6="","",MAX(0,B6*C6))
C7: =IF(B7="","",Settings!$B$5) | D7: =IF(B7="","",MAX(0,B7*C7))
C8: =IF(B8="","",Settings!$B$5) | D8: =IF(B8="","",MAX(0,B8*C8))
C9: =IF(B9="","",Settings!$B$5) | D9: =IF(B9="","",MAX(0,B9*C9))
C10: =IF(B10="","",Settings!$B$5) | D10: =IF(B10="","",MAX(0,B10*C10))
C11: =IF(B11="","",Settings!$B$5) | D11: =IF(B11="","",MAX(0,B11*C11))
C12: =IF(B12="","",Settings!$B$5) | D12: =IF(B12="","",MAX(0,B12*C12))
C13: =IF(B13="","",Settings!$B$5) | D13: =IF(B13="","",MAX(0,B13*C13))
C14: =IF(B14="","",Settings!$B$5) | D14: =IF(B14="","",MAX(0,B14*C14))
C15: =IF(B15="","",Settings!$B$5) | D15: =IF(B15="","",MAX(0,B15*C15))
... C103: =IF(B103="","",Settings!$B$5) | D103: =IF(B103="","",MAX(0,B103*C103))

Sheet Monthly
A1: المتابعة الشهرية | Monthly Analysis
A2: السنة | B2: 2026
A3: الشهر | B3: الإيرادات المحصلة | C3: المصروفات | D3: الربح قبل التخصيص | E3: أعمال خيرية 10% | F3: تغذية مرتدة 15% | G3: صافي الربح | H3: رأس المال | I3: هامش الربح
A4: يناير | B4: =SUMIFS(Revenues!$G:$G,Revenues!$E:$E,">="&DATE($B$2,1,1),Revenues!$E:$E,"<"&EDATE(DATE($B$2,1,1),1)) -> 0 | C4: =SUMIFS(Expenses!$E:$E,Expenses!$B:$B,">="&DATE($B$2,1,1),Expenses!$B:$B,"<"&EDATE(DATE($B$2,1,1),1)) -> 0 | D4: =B4-C4 -> 0 | E4: =MAX(0,D4*Settings!$B$5) -> 0 | F4: =MAX(0,D4*Settings!$B$6) -> 0 | G4: =D4-E4-F4 -> 0 | H4: =Settings!$B$4+SUMIFS(Capital!$D:$D,Capital!$A:$A,"<="&EOMONTH(DATE($B$2,1,1),0),Capital!$B:$B,"<>سحب من رأس المال")-SUMIFS(Capital!$D:$D,Capital!$A:$A,"<="&EOMONTH(DATE($B$2,1,1),0),Capital!$B:$B,"سحب من رأس المال") -> 5000 | I4: =IFERROR(D4/B4,0) -> 0
A5: فبراير | B5: =SUMIFS(Revenues!$G:$G,Revenues!$E:$E,">="&DATE($B$2,2,1),Revenues!$E:$E,"<"&EDATE(DATE($B$2,2,1),1)) -> 0 | C5: =SUMIFS(Expenses!$E:$E,Expenses!$B:$B,">="&DATE($B$2,2,1),Expenses!$B:$B,"<"&EDATE(DATE($B$2,2,1),1)) -> 0 | D5: =B5-C5 -> 0 | E5: =MAX(0,D5*Settings!$B$5) -> 0 | F5: =MAX(0,D5*Settings!$B$6) -> 0 | G5: =D5-E5-F5 -> 0 | H5: =Settings!$B$4+SUMIFS(Capital!$D:$D,Capital!$A:$A,"<="&EOMONTH(DATE($B$2,2,1),0),Capital!$B:$B,"<>سحب من رأس المال")-SUMIFS(Capital!$D:$D,Capital!$A:$A,"<="&EOMONTH(DATE($B$2,2,1),0),Capital!$B:$B,"سحب من رأس المال") -> 5000 | I5: =IFERROR(D5/B5,0) -> 0
A6: مارس | B6: =SUMIFS(Revenues!$G:$G,Revenues!$E:$E,">="&DATE($B$2,3,1),Revenues!$E:$E,"<"&EDATE(DATE($B$2,3,1),1)) -> 0 | C6: =SUMIFS(Expenses!$E:$E,Expenses!$B:$B,">="&DATE($B$2,3,1),Expenses!$B:$B,"<"&EDATE(DATE($B$2,3,1),1)) -> 0 | D6: =B6-C6 -> 0 | E6: =MAX(0,D6*Settings!$B$5) -> 0 | F6: =MAX(0,D6*Settings!$B$6) -> 0 | G6: =D6-E6-F6 -> 0 | H6: =Settings!$B$4+SUMIFS(Capital!$D:$D,Capital!$A:$A,"<="&EOMONTH(DATE($B$2,3,1),0),Capital!$B:$B,"<>سحب من رأس المال")-SUMIFS(Capital!$D:$D,Capital!$A:$A,"<="&EOMONTH(DATE($B$2,3,1),0),Capital!$B:$B,"سحب من رأس المال") -> 5000 | I6: =IFERROR(D6/B6,0) -> 0
A7: أبريل | B7: =SUMIFS(Revenues!$G:$G,Revenues!$E:$E,">="&DATE($B$2,4,1),Revenues!$E:$E,"<"&EDATE(DATE($B$2,4,1),1)) -> 0 | C7: =SUMIFS(Expenses!$E:$E,Expenses!$B:$B,">="&DATE($B$2,4,1),Expenses!$B:$B,"<"&EDATE(DATE($B$2,4,1),1)) -> 0 | D7: =B7-C7 -> 0 | E7: =MAX(0,D7*Settings!$B$5) -> 0 | F7: =MAX(0,D7*Settings!$B$6) -> 0 | G7: =D7-E7-F7 -> 0 | H7: =Settings!$B$4+SUMIFS(Capital!$D:$D,Capital!$A:$A,"<="&EOMONTH(DATE($B$2,4,1),0),Capital!$B:$B,"<>سحب من رأس المال")-SUMIFS(Capital!$D:$D,Capital!$A:$A,"<="&EOMONTH(DATE($B$2,4,1),0),Capital!$B:$B,"سحب من رأس المال") -> 5000 | I7: =IFERROR(D7/B7,0) -> 0
A8: مايو | B8: =SUMIFS(Revenues!$G:$G,Revenues!$E:$E,">="&DATE($B$2,5,1),Revenues!$E:$E,"<"&EDATE(DATE($B$2,5,1),1)) -> 0 | C8: =SUMIFS(Expenses!$E:$E,Expenses!$B:$B,">="&DATE($B$2,5,1),Expenses!$B:$B,"<"&EDATE(DATE($B$2,5,1),1)) -> 0 | D8: =B8-C8 -> 0 | E8: =MAX(0,D8*Settings!$B$5) -> 0 | F8: =MAX(0,D8*Settings!$B$6) -> 0 | G8: =D8-E8-F8 -> 0 | H8: =Settings!$B$4+SUMIFS(Capital!$D:$D,Capital!$A:$A,"<="&EOMONTH(DATE($B$2,5,1),0),Capital!$B:$B,"<>سحب من رأس المال")-SUMIFS(Capital!$D:$D,Capital!$A:$A,"<="&EOMONTH(DATE($B$2,5,1),0),Capital!$B:$B,"سحب من رأس المال") -> 5000 | I8: =IFERROR(D8/B8,0) -> 0
A9: يونيو | B9: =SUMIFS(Revenues!$G:$G,Revenues!$E:$E,">="&DATE($B$2,6,1),Revenues!$E:$E,"<"&EDATE(DATE($B$2,6,1),1)) -> 0 | C9: =SUMIFS(Expenses!$E:$E,Expenses!$B:$B,">="&DATE($B$2,6,1),Expenses!$B:$B,"<"&EDATE(DATE($B$2,6,1),1)) -> 0 | D9: =B9-C9 -> 0 | E9: =MAX(0,D9*Settings!$B$5) -> 0 | F9: =MAX(0,D9*Settings!$B$6) -> 0 | G9: =D9-E9-F9 -> 0 | H9: =Settings!$B$4+SUMIFS(Capital!$D:$D,Capital!$A:$A,"<="&EOMONTH(DATE($B$2,6,1),0),Capital!$B:$B,"<>سحب من رأس المال")-SUMIFS(Capital!$D:$D,Capital!$A:$A,"<="&EOMONTH(DATE($B$2,6,1),0),Capital!$B:$B,"سحب من رأس المال") -> 5000 | I9: =IFERROR(D9/B9,0) -> 0
A10: يوليو | B10: =SUMIFS(Revenues!$G:$G,Revenues!$E:$E,">="&DATE($B$2,7,1),Revenues!$E:$E,"<"&EDATE(DATE($B$2,7,1),1)) -> 0 | C10: =SUMIFS(Expenses!$E:$E,Expenses!$B:$B,">="&DATE($B$2,7,1),Expenses!$B:$B,"<"&EDATE(DATE($B$2,7,1),1)) -> 0 | D10: =B10-C10 -> 0 | E10: =MAX(0,D10*Settings!$B$5) -> 0 | F10: =MAX(0,D10*Settings!$B$6) -> 0 | G10: =D10-E10-F10 -> 0 | H10: =Settings!$B$4+SUMIFS(Capital!$D:$D,Capital!$A:$A,"<="&EOMONTH(DATE($B$2,7,1),0),Capital!$B:$B,"<>سحب من رأس المال")-SUMIFS(Capital!$D:$D,Capital!$A:$A,"<="&EOMONTH(DATE($B$2,7,1),0),Capital!$B:$B,"سحب من رأس المال") -> 5000 | I10: =IFERROR(D10/B10,0) -> 0
A11: أغسطس | B11: =SUMIFS(Revenues!$G:$G,Revenues!$E:$E,">="&DATE($B$2,8,1),Revenues!$E:$E,"<"&EDATE(DATE($B$2,8,1),1)) -> 0 | C11: =SUMIFS(Expenses!$E:$E,Expenses!$B:$B,">="&DATE($B$2,8,1),Expenses!$B:$B,"<"&EDATE(DATE($B$2,8,1),1)) -> 0 | D11: =B11-C11 -> 0 | E11: =MAX(0,D11*Settings!$B$5) -> 0 | F11: =MAX(0,D11*Settings!$B$6) -> 0 | G11: =D11-E11-F11 -> 0 | H11: =Settings!$B$4+SUMIFS(Capital!$D:$D,Capital!$A:$A,"<="&EOMONTH(DATE($B$2,8,1),0),Capital!$B:$B,"<>سحب من رأس المال")-SUMIFS(Capital!$D:$D,Capital!$A:$A,"<="&EOMONTH(DATE($B$2,8,1),0),Capital!$B:$B,"سحب من رأس المال") -> 5000 | I11: =IFERROR(D11/B11,0) -> 0
A12: سبتمبر | B12: =SUMIFS(Revenues!$G:$G,Revenues!$E:$E,">="&DATE($B$2,9,1),Revenues!$E:$E,"<"&EDATE(DATE($B$2,9,1),1)) -> 0 | C12: =SUMIFS(Expenses!$E:$E,Expenses!$B:$B,">="&DATE($B$2,9,1),Expenses!$B:$B,"<"&EDATE(DATE($B$2,9,1),1)) -> 450 | D12: =B12-C12 -> -450 | E12: =MAX(0,D12*Settings!$B$5) -> 0 | F12: =MAX(0,D12*Settings!$B$6) -> 0 | G12: =D12-E12-F12 -> -450 | H12: =Settings!$B$4+SUMIFS(Capital!$D:$D,Capital!$A:$A,"<="&EOMONTH(DATE($B$2,9,1),0),Capital!$B:$B,"<>سحب من رأس المال")-SUMIFS(Capital!$D:$D,Capital!$A:$A,"<="&EOMONTH(DATE($B$2,9,1),0),Capital!$B:$B,"سحب من رأس المال") -> 5000 | I12: =IFERROR(D12/B12,0) -> 0
A13: أكتوبر | B13: =SUMIFS(Revenues!$G:$G,Revenues!$E:$E,">="&DATE($B$2,10,1),Revenues!$E:$E,"<"&EDATE(DATE($B$2,10,1),1)) -> 0 | C13: =SUMIFS(Expenses!$E:$E,Expenses!$B:$B,">="&DATE($B$2,10,1),Expenses!$B:$B,"<"&EDATE(DATE($B$2,10,1),1)) -> 0 | D13: =B13-C13 -> 0 | E13: =MAX(0,D13*Settings!$B$5) -> 0 | F13: =MAX(0,D13*Settings!$B$6) -> 0 | G13: =D13-E13-F13 -> 0 | H13: =Settings!$B$4+SUMIFS(Capital!$D:$D,Capital!$A:$A,"<="&EOMONTH(DATE($B$2,10,1),0),Capital!$B:$B,"<>سحب من رأس المال")-SUMIFS(Capital!$D:$D,Capital!$A:$A,"<="&EOMONTH(DATE($B$2,10,1),0),Capital!$B:$B,"سحب من رأس المال") -> 5000 | I13: =IFERROR(D13/B13,0) -> 0
A14: نوفمبر | B14: =SUMIFS(Revenues!$G:$G,Revenues!$E:$E,">="&DATE($B$2,11,1),Revenues!$E:$E,"<"&EDATE(DATE($B$2,11,1),1)) -> 0 | C14: =SUMIFS(Expenses!$E:$E,Expenses!$B:$B,">="&DATE($B$2,11,1),Expenses!$B:$B,"<"&EDATE(DATE($B$2,11,1),1)) -> 0 | D14: =B14-C14 -> 0 | E14: =MAX(0,D14*Settings!$B$5) -> 0 | F14: =MAX(0,D14*Settings!$B$6) -> 0 | G14: =D14-E14-F14 -> 0 | H14: =Settings!$B$4+SUMIFS(Capital!$D:$D,Capital!$A:$A,"<="&EOMONTH(DATE($B$2,11,1),0),Capital!$B:$B,"<>سحب من رأس المال")-SUMIFS(Capital!$D:$D,Capital!$A:$A,"<="&EOMONTH(DATE($B$2,11,1),0),Capital!$B:$B,"سحب من رأس المال") -> 5000 | I14: =IFERROR(D14/B14,0) -> 0
A15: ديسمبر | B15: =SUMIFS(Revenues!$G:$G,Revenues!$E:$E,">="&DATE($B$2,12,1),Revenues!$E:$E,"<"&EDATE(DATE($B$2,12,1),1)) -> 0 | C15: =SUMIFS(Expenses!$E:$E,Expenses!$B:$B,">="&DATE($B$2,12,1),Expenses!$B:$B,"<"&EDATE(DATE($B$2,12,1),1)) -> 0 | D15: =B15-C15 -> 0 | E15: =MAX(0,D15*Settings!$B$5) -> 0 | F15: =MAX(0,D15*Settings!$B$6) -> 0 | G15: =D15-E15-F15 -> 0 | H15: =Settings!$B$4+SUMIFS(Capital!$D:$D,Capital!$A:$A,"<="&EOMONTH(DATE($B$2,12,1),0),Capital!$B:$B,"<>سحب من رأس المال")-SUMIFS(Capital!$D:$D,Capital!$A:$A,"<="&EOMONTH(DATE($B$2,12,1),0),Capital!$B:$B,"سحب من رأس المال") -> 5000 | I15: =IFERROR(D15/B15,0) -> 0
